{
  "accuracy": 0.9,
  "recall": 0.8821548821548821,
  "roc_auc": 0.9702908650277071,
  "cv_mean": 0.9118,
  "cv_std": 0.0028565713714171423
}